{
  "Register Request" : {
    "transaction" : "Register Request",
    "sampleCount" : 1000,
    "errorCount" : 0,
    "errorPct" : 0.0,
    "meanResTime" : 15830.054000000006,
    "medianResTime" : 19273.5,
    "minResTime" : 116.0,
    "maxResTime" : 24498.0,
    "pct1ResTime" : 24005.1,
    "pct2ResTime" : 24261.75,
    "pct3ResTime" : 24436.95,
    "throughput" : 34.46730775859098,
    "receivedKBytesPerSec" : 37.29470409816289,
    "sentKBytesPerSec" : 10.801091590407747
  },
  "Get Search History Request" : {
    "transaction" : "Get Search History Request",
    "sampleCount" : 1000,
    "errorCount" : 0,
    "errorPct" : 0.0,
    "meanResTime" : 9249.006,
    "medianResTime" : 10732.0,
    "minResTime" : 25.0,
    "maxResTime" : 32888.0,
    "pct1ResTime" : 18645.699999999997,
    "pct2ResTime" : 20656.349999999995,
    "pct3ResTime" : 28492.150000000012,
    "throughput" : 13.203586093983127,
    "receivedKBytesPerSec" : 14.082939770191585,
    "sentKBytesPerSec" : 4.848191768884429
  },
  "Logout Request" : {
    "transaction" : "Logout Request",
    "sampleCount" : 1000,
    "errorCount" : 0,
    "errorPct" : 0.0,
    "meanResTime" : 15.208000000000007,
    "medianResTime" : 10.0,
    "minResTime" : 4.0,
    "maxResTime" : 318.0,
    "pct1ResTime" : 26.0,
    "pct2ResTime" : 36.0,
    "pct3ResTime" : 106.94000000000005,
    "throughput" : 13.213530655391121,
    "receivedKBytesPerSec" : 13.510318941596193,
    "sentKBytesPerSec" : 4.632478032505285
  },
  "Total" : {
    "transaction" : "Total",
    "sampleCount" : 6000,
    "errorCount" : 0,
    "errorPct" : 0.0,
    "meanResTime" : 9001.551333333373,
    "medianResTime" : 8949.0,
    "minResTime" : 4.0,
    "maxResTime" : 33565.0,
    "pct1ResTime" : 19747.7,
    "pct2ResTime" : 22317.75,
    "pct3ResTime" : 25535.779999999995,
    "throughput" : 75.19456593936812,
    "receivedKBytesPerSec" : 82.45415823991452,
    "sentKBytesPerSec" : 27.693556491484213
  },
  "Get Profile Request" : {
    "transaction" : "Get Profile Request",
    "sampleCount" : 1000,
    "errorCount" : 0,
    "errorPct" : 0.0,
    "meanResTime" : 9017.124999999996,
    "medianResTime" : 9557.0,
    "minResTime" : 5.0,
    "maxResTime" : 20287.0,
    "pct1ResTime" : 14079.8,
    "pct2ResTime" : 14699.899999999998,
    "pct3ResTime" : 17108.6,
    "throughput" : 22.626482034573264,
    "receivedKBytesPerSec" : 24.50229252223052,
    "sentKBytesPerSec" : 8.020911111865328
  },
  "Login Request" : {
    "transaction" : "Login Request",
    "sampleCount" : 1000,
    "errorCount" : 0,
    "errorPct" : 0.0,
    "meanResTime" : 11724.633000000005,
    "medianResTime" : 11533.5,
    "minResTime" : 680.0,
    "maxResTime" : 20522.0,
    "pct1ResTime" : 15990.5,
    "pct2ResTime" : 18154.449999999997,
    "pct3ResTime" : 20225.9,
    "throughput" : 22.802937018287956,
    "receivedKBytesPerSec" : 29.43894798650066,
    "sentKBytesPerSec" : 5.812076720481598
  },
  "Add Search History Request" : {
    "transaction" : "Add Search History Request",
    "sampleCount" : 1000,
    "errorCount" : 0,
    "errorPct" : 0.0,
    "meanResTime" : 8173.281999999999,
    "medianResTime" : 6168.0,
    "minResTime" : 33.0,
    "maxResTime" : 33565.0,
    "pct1ResTime" : 19177.1,
    "pct2ResTime" : 24980.74999999998,
    "pct3ResTime" : 31136.550000000003,
    "throughput" : 13.533814234865812,
    "receivedKBytesPerSec" : 13.997400238871823,
    "sentKBytesPerSec" : 7.703872637503553
  }
}