{
  "Get Search History Request" : {
    "transaction" : "Get Search History Request",
    "sampleCount" : 4181,
    "errorCount" : 2215,
    "errorPct" : 52.977757,
    "meanResTime" : 14805.319540779725,
    "medianResTime" : 3835.0,
    "minResTime" : 2.0,
    "maxResTime" : 98728.0,
    "pct1ResTime" : 46542.60000000001,
    "pct2ResTime" : 60145.899999999994,
    "pct3ResTime" : 74490.50000000009,
    "throughput" : 24.64108064782291,
    "receivedKBytesPerSec" : 27.249498676890074,
    "sentKBytesPerSec" : 6.740523575078385
  },
  "Logout Request" : {
    "transaction" : "Logout Request",
    "sampleCount" : 3791,
    "errorCount" : 704,
    "errorPct" : 18.570297,
    "meanResTime" : 1371.7103666578744,
    "medianResTime" : 284.0,
    "minResTime" : 2.0,
    "maxResTime" : 7298.0,
    "pct1ResTime" : 4713.400000000001,
    "pct2ResTime" : 5311.199999999997,
    "pct3ResTime" : 5908.32,
    "throughput" : 22.436997668114724,
    "receivedKBytesPerSec" : 22.23649146146767,
    "sentKBytesPerSec" : 6.396518475677963
  },
  "Total" : {
    "transaction" : "Total",
    "sampleCount" : 22345,
    "errorCount" : 7909,
    "errorPct" : 35.394943,
    "meanResTime" : 6919.942805996888,
    "medianResTime" : 1893.0,
    "minResTime" : 2.0,
    "maxResTime" : 98728.0,
    "pct1ResTime" : 27486.000000000015,
    "pct2ResTime" : 42555.45000000007,
    "pct3ResTime" : 60167.990000000005,
    "throughput" : 131.5820466617202,
    "receivedKBytesPerSec" : 143.4478923299503,
    "sentKBytesPerSec" : 41.380405465336416
  },
  "Get Profile Request" : {
    "transaction" : "Get Profile Request",
    "sampleCount" : 4791,
    "errorCount" : 1440,
    "errorPct" : 30.056356,
    "meanResTime" : 2449.2784387393067,
    "medianResTime" : 1210.0,
    "minResTime" : 2.0,
    "maxResTime" : 15216.0,
    "pct1ResTime" : 6119.000000000001,
    "pct2ResTime" : 8270.199999999999,
    "pct3ResTime" : 12223.319999999998,
    "throughput" : 28.32648476069412,
    "receivedKBytesPerSec" : 29.646274610518226,
    "sentKBytesPerSec" : 8.573443320054986
  },
  "Login Request" : {
    "transaction" : "Login Request",
    "sampleCount" : 4791,
    "errorCount" : 846,
    "errorPct" : 17.65811,
    "meanResTime" : 3421.558756000835,
    "medianResTime" : 3009.0,
    "minResTime" : 5.0,
    "maxResTime" : 15795.0,
    "pct1ResTime" : 7330.6,
    "pct2ResTime" : 10187.199999999993,
    "pct3ResTime" : 12797.24,
    "throughput" : 28.318615455544915,
    "receivedKBytesPerSec" : 33.59621013723387,
    "sentKBytesPerSec" : 7.217928353415258
  },
  "Add Search History Request" : {
    "transaction" : "Add Search History Request",
    "sampleCount" : 4791,
    "errorCount" : 2704,
    "errorPct" : 56.439156,
    "meanResTime" : 12397.776247130058,
    "medianResTime" : 4755.0,
    "minResTime" : 2.0,
    "maxResTime" : 60120.0,
    "pct1ResTime" : 40058.4,
    "pct2ResTime" : 47760.79999999999,
    "pct3ResTime" : 58150.59999999999,
    "throughput" : 28.224689976140684,
    "receivedKBytesPerSec" : 31.112724923782732,
    "sentKBytesPerSec" : 12.556783244720021
  }
}